id,jerseys,full_name,athlete_short_name,headshot,first_name,last_name
585,[3.0],Diana Taurasi,D. Taurasi,https://a.espncdn.com/i/headshots/wnba/players/full/585.png,Diana,Taurasi
869,"[24.0, 25.0, 14.0]",DeWanna Bonner,D. Bonner,https://a.espncdn.com/i/headshots/wnba/players/full/869.png,DeWanna,Bonner
887,"[32.0, 33.0]",Sami Whitcomb,S. Whitcomb,https://a.espncdn.com/i/headshots/wnba/players/full/887.png,Sami,Whitcomb
918,[31.0],Tina Charles,T. Charles,https://a.espncdn.com/i/headshots/wnba/players/full/918.png,Tina,Charles
924,"[32.0, 7.0]",Alysha Clark,A. Clark,https://a.espncdn.com/i/headshots/wnba/players/full/924.png,Alysha,Clark
981,[22.0],Courtney Vandersloot,C. Vandersloot,https://a.espncdn.com/i/headshots/wnba/players/full/981.png,Courtney,Vandersloot
1004,[51.0],Sydney Colson,S. Colson,https://a.espncdn.com/i/headshots/wnba/players/full/1004.png,Sydney,Colson
1054,[15.0],Tiffany Hayes,T. Hayes,https://a.espncdn.com/i/headshots/wnba/players/full/1054.png,Tiffany,Hayes
1068,[3.0],Nneka Ogwumike,N. Ogwumike,https://a.espncdn.com/i/headshots/wnba/players/full/1068.png,Nneka,Ogwumike
1107,"[5.0, 7.0]",Shey Peddy,S. Peddy,https://a.espncdn.com/i/headshots/wnba/players/full/1107.png,Shey,Peddy
2284331,[32.0],Emma Cannon,E. Cannon,https://a.espncdn.com/i/headshots/wnba/players/full/2284331.png,Emma,Cannon
2325299,[12.0],Yvonne Anderson,Y. Anderson,https://a.espncdn.com/i/headshots/wnba/players/full/2325299.png,Yvonne,Anderson
2327695,[7.0],Rebekah Gardner,R. Gardner,https://a.espncdn.com/i/headshots/wnba/players/full/2327695.png,Rebekah,Gardner
2490553,"[42.0, 15.0]",Brittney Griner,B. Griner,https://a.espncdn.com/i/headshots/wnba/players/full/2490553.png,Brittney,Griner
2490794,[25.0],Layshia Clarendon,L. Clarendon,https://a.espncdn.com/i/headshots/wnba/players/full/2490794.png,Layshia,Clarendon
2491205,[4.0],Skylar Diggins,Diggins-Smith,https://a.espncdn.com/i/headshots/wnba/players/full/2491205.png,Skylar,Diggins
2491214,[17.0],Erica Wheeler,E. Wheeler,https://a.espncdn.com/i/headshots/wnba/players/full/2491214.png,Erica,Wheeler
2529047,"[0.0, 1.0, 2.0, 6.0]",Odyssey Sims,O. Sims,https://a.espncdn.com/i/headshots/wnba/players/full/2529047.png,Odyssey,Sims
2529122,[12.0],Chelsea Gray,C. Gray,https://a.espncdn.com/i/headshots/wnba/players/full/2529122.png,Chelsea,Gray
2529125,[7.0],Haley Peters,H. Peters,https://a.espncdn.com/i/headshots/wnba/players/full/2529125.png,Haley,Peters
2529130,[6.0],Natasha Howard,N. Howard,https://a.espncdn.com/i/headshots/wnba/players/full/2529130.png,Natasha,Howard
2529137,"[0.0, 9.0]",Natasha Cloud,N. Cloud,https://a.espncdn.com/i/headshots/wnba/players/full/2529137.png,Natasha,Cloud
2529140,"[25.0, 14.0]",Alyssa Thomas,A. Thomas,https://a.espncdn.com/i/headshots/wnba/players/full/2529140.png,Alyssa,Thomas
2529183,[31.0],Stefanie Dolson,S. Dolson,https://a.espncdn.com/i/headshots/wnba/players/full/2529183.png,Stefanie,Dolson
2529185,[14.0],Bria Hartley,B. Hartley,https://a.espncdn.com/i/headshots/wnba/players/full/2529185.png,Bria,Hartley
2529205,[21.0],Kayla McBride,K. McBride,https://a.espncdn.com/i/headshots/wnba/players/full/2529205.png,Kayla,McBride
2529458,[32.0],Cheyenne Parker-Tyus,C. Parker-Tyus,https://a.espncdn.com/i/headshots/wnba/players/full/2529458.png,Cheyenne,Parker-Tyus
2529567,[21.0],Robyn Parks,R. Parks,https://a.espncdn.com/i/headshots/wnba/players/full/2529567.png,Robyn,Parks
2529622,[5.0],Kayla Thornton,K. Thornton,https://a.espncdn.com/i/headshots/wnba/players/full/2529622.png,Kayla,Thornton
2531437,"[1.0, nan]",Ezinne Kalu,E. Kalu,,Ezinne,Kalu
2566081,[1.0],Elizabeth Williams,E. Williams,https://a.espncdn.com/i/headshots/wnba/players/full/2566081.png,Elizabeth,Williams
2566106,[5.0],Dearica Hamby,D. Hamby,https://a.espncdn.com/i/headshots/wnba/players/full/2566106.png,Dearica,Hamby
2566110,"[35.0, 6.0]",Julie Vanloo,J. Vanloo,https://a.espncdn.com/i/headshots/wnba/players/full/2566110.png,Julie,Vanloo
2566186,"[24.0, 1.0]",Rachel Banham,R. Banham,https://a.espncdn.com/i/headshots/wnba/players/full/2566186.png,Rachel,Banham
2566453,"[20.0, 21.0]",Isabelle Harrison,I. Harrison,https://a.espncdn.com/i/headshots/wnba/players/full/2566453.png,Isabelle,Harrison
2569044,[14.0],Temi Fagbenle,T. Fagbenle,https://a.espncdn.com/i/headshots/wnba/players/full/2569044.png,Temi,Fagbenle
2590093,[41.0],Kiah Stokes,K. Stokes,https://a.espncdn.com/i/headshots/wnba/players/full/2590093.png,Kiah,Stokes
2591976,[8.0],Crystal Bradford,C. Bradford,https://a.espncdn.com/i/headshots/wnba/players/full/2591976.png,Crystal,Bradford
2593770,[44.0],Betnijah Laney-Hamilton,B. Laney-Hamilton,https://a.espncdn.com/i/headshots/wnba/players/full/2593770.png,Betnijah,Laney-Hamilton
2955898,[12.0],Damiris Dantas,D. Dantas,https://a.espncdn.com/i/headshots/wnba/players/full/2955898.png,Damiris,Dantas
2984111,[6.0],Alexis Prince,A. Prince,https://a.espncdn.com/i/headshots/wnba/players/full/2984111.png,Alexis,Prince
2984741,"[25.0, 3.0]",Tiffany Mitchell,T. Mitchell,https://a.espncdn.com/i/headshots/wnba/players/full/2984741.png,Tiffany,Mitchell
2987869,[24.0],Jewell Loyd,J. Loyd,https://a.espncdn.com/i/headshots/wnba/players/full/2987869.png,Jewell,Loyd
2987891,[10.0],Courtney Williams,C. Williams,https://a.espncdn.com/i/headshots/wnba/players/full/2987891.png,Courtney,Williams
2988756,"[20.0, nan]",Brittney Sykes,B. Sykes,https://a.espncdn.com/i/headshots/wnba/players/full/2988756.png,Brittney,Sykes
2998927,[4.0],Moriah Jefferson,M. Jefferson,https://a.espncdn.com/i/headshots/wnba/players/full/2998927.png,Moriah,Jefferson
2998928,[30.0],Breanna Stewart,B. Stewart,https://a.espncdn.com/i/headshots/wnba/players/full/2998928.png,Breanna,Stewart
2998938,"[2.0, 7.0]",Kahleah Copper,K. Copper,https://a.espncdn.com/i/headshots/wnba/players/full/2998938.png,Kahleah,Copper
2999035,[23.0],Aerial Powers,A. Powers,https://a.espncdn.com/i/headshots/wnba/players/full/2999035.png,Aerial,Powers
2999101,[35.0],Jonquel Jones,J. Jones,https://a.espncdn.com/i/headshots/wnba/players/full/2999101.png,Jonquel,Jones
3027368,"[33.0, nan]",Emma Meesseman,E. Meesseman,https://a.espncdn.com/i/headshots/wnba/players/full/3027368.png,Emma,Meesseman
3054590,[12.0],Nia Coffey,N. Coffey,https://a.espncdn.com/i/headshots/wnba/players/full/3054590.png,Nia,Coffey
3056672,[21.0],Mercedes Russell,M. Russell,https://a.espncdn.com/i/headshots/wnba/players/full/3056672.png,Mercedes,Russell
3056730,[44.0],Karlie Samuelson,K. Samuelson,https://a.espncdn.com/i/headshots/wnba/players/full/3056730.png,Karlie,Samuelson
3058888,[33.0],Kaela Davis,K. Davis,https://a.espncdn.com/i/headshots/wnba/players/full/3058888.png,Kaela,Davis
3058892,"[8.0, 4.0]",Lexie Brown,L. Brown,https://a.espncdn.com/i/headshots/wnba/players/full/3058892.png,Lexie,Brown
3058893,[32.0],Shatori Walker-Kimbrough,S. Walker-Kimbrough,https://a.espncdn.com/i/headshots/wnba/players/full/3058893.png,Shatori,Walker-Kimbrough
3058895,"[24.0, 42.0]",Brionna Jones,B. Jones,https://a.espncdn.com/i/headshots/wnba/players/full/3058895.png,Brionna,Jones
3058901,[15.0],Allisha Gray,A. Gray,https://a.espncdn.com/i/headshots/wnba/players/full/3058901.png,Allisha,Gray
3058902,[0.0],Diamond DeShields,D. DeShields,https://a.espncdn.com/i/headshots/wnba/players/full/3058902.png,Diamond,DeShields
3058908,[15.0],Lindsay Allen,L. Allen,https://a.espncdn.com/i/headshots/wnba/players/full/3058908.png,Lindsay,Allen
3065570,"[10.0, 5.0]",Kelsey Plum,K. Plum,https://a.espncdn.com/i/headshots/wnba/players/full/3065570.png,Kelsey,Plum
3099025,[45.0],Astou Ndour-Fall,A. Ndour-Fall,https://a.espncdn.com/i/headshots/wnba/players/full/3099025.png,Astou,Ndour-Fall
3099736,"[6.0, 7.0]",Stephanie Talbot,S. Talbot,https://a.espncdn.com/i/headshots/wnba/players/full/3099736.png,Stephanie,Talbot
3102133,"[9.0, 11.0]",Rebecca Allen,R. Allen,https://a.espncdn.com/i/headshots/wnba/players/full/3102133.png,Rebecca,Allen
3142010,[23.0],Azura Stevens,A. Stevens,https://a.espncdn.com/i/headshots/wnba/players/full/3142010.png,Azura,Stevens
3142055,"[2.0, 22.0]",Myisha Hines-Allen,M. Hines-Allen,https://a.espncdn.com/i/headshots/wnba/players/full/3142055.png,Myisha,Hines-Allen
3142086,"[11.0, 21.0]",Brianna Turner,B. Turner,https://a.espncdn.com/i/headshots/wnba/players/full/3142086.png,Brianna,Turner
3142087,[24.0],Kathryn Westbeld,K. Westbeld,https://a.espncdn.com/i/headshots/wnba/players/full/3142087.png,Kathryn,Westbeld
3142191,[0.0],Kelsey Mitchell,K. Mitchell,https://a.espncdn.com/i/headshots/wnba/players/full/3142191.png,Kelsey,Mitchell
3142242,[0.0],Amy Okonkwo,A. Okonkwo,https://a.espncdn.com/i/headshots/wnba/players/full/3142242.png,Amy,Okonkwo
3142250,[3.0],Jordin Canada,J. Canada,https://a.espncdn.com/i/headshots/wnba/players/full/3142250.png,Jordin,Canada
3142255,[25.0],Monique Billings,M. Billings,https://a.espncdn.com/i/headshots/wnba/players/full/3142255.png,Monique,Billings
3142327,"[10.0, 11.0]",Kia Nurse,K. Nurse,https://a.espncdn.com/i/headshots/wnba/players/full/3142327.png,Kia,Nurse
3142328,[5.0],Gabby Williams,G. Williams,https://a.espncdn.com/i/headshots/wnba/players/full/3142328.png,Gabby,Williams
3142948,[35.0],Victoria Vivians,V. Vivians,https://a.espncdn.com/i/headshots/wnba/players/full/3142948.png,Victoria,Vivians
3143510,"[25.0, 22.0]",Morgan Bertsch,M. Bertsch,https://a.espncdn.com/i/headshots/wnba/players/full/3143510.png,Morgan,Bertsch
3146151,[7.0],Ariel Atkins,A. Atkins,https://a.espncdn.com/i/headshots/wnba/players/full/3146151.png,Ariel,Atkins
3149391,[22.0],A'ja Wilson,A. Wilson,https://a.espncdn.com/i/headshots/wnba/players/full/3149391.png,A'ja,Wilson
3156318,[3.0],Kristy Wallace,K. Wallace,https://a.espncdn.com/i/headshots/wnba/players/full/3156318.png,Kristy,Wallace
3904548,[15.0],Kyra Lambert,K. Lambert,,Kyra,Lambert
3904576,"[3.0, 4.0]",Marina Mabrey,M. Mabrey,https://a.espncdn.com/i/headshots/wnba/players/full/3904576.png,Marina,Mabrey
3904577,[24.0],Arike Ogunbowale,A. Ogunbowale,https://a.espncdn.com/i/headshots/wnba/players/full/3904577.png,Arike,Ogunbowale
3906753,[2.0],Natisha Hiedeman,N. Hiedeman,https://a.espncdn.com/i/headshots/wnba/players/full/3906753.png,Natisha,Hiedeman
3906949,[15.0],Jessica Shepard,J. Shepard,https://a.espncdn.com/i/headshots/wnba/players/full/3906949.png,Jessica,Shepard
3906972,[6.0],Bridget Carleton,B. Carleton,https://a.espncdn.com/i/headshots/wnba/players/full/3906972.png,Bridget,Carleton
3907781,"[8.0, 9.0]",Sophie Cunningham,S. Cunningham,https://a.espncdn.com/i/headshots/wnba/players/full/3907781.png,Sophie,Cunningham
3913881,[8.0],Alanna Smith,A. Smith,https://a.espncdn.com/i/headshots/wnba/players/full/3913881.png,Alanna,Smith
3913903,[15.0],Teaira McCowan,T. McCowan,https://a.espncdn.com/i/headshots/wnba/players/full/3913903.png,Teaira,McCowan
3916514,[21.0],Kalani Brown,K. Brown,https://a.espncdn.com/i/headshots/wnba/players/full/3916514.png,Kalani,Brown
3917450,"[24.0, 11.0]",Napheesa Collier,N. Collier,https://a.espncdn.com/i/headshots/wnba/players/full/3917450.png,Napheesa,Collier
3917453,[33.0],Katie Lou Samuelson,K. Samuelson,https://a.espncdn.com/i/headshots/wnba/players/full/3917453.png,Katie,Samuelson
3920741,[9.0],Kitija Laksa,K. Laksa,https://a.espncdn.com/i/headshots/wnba/players/full/3920741.png,Kitija,Laksa
3922628,"[2.0, 22.0]",Kennedy Burke,K. Burke,https://a.espncdn.com/i/headshots/wnba/players/full/3922628.png,Kennedy,Burke
3934218,[17.0],Megan Gustafson,M. Gustafson,https://a.espncdn.com/i/headshots/wnba/players/full/3934218.png,Megan,Gustafson
4001679,[20.0],Julie Allemand,J. Allemand,https://a.espncdn.com/i/headshots/wnba/players/full/4001679.png,Julie,Allemand
4038379,[23.0],Marine Johannes,M. Johannes,https://a.espncdn.com/i/headshots/wnba/players/full/4038379.png,Marine,Johannes
4038390,[0.0],Olivia Epoupa,O. Epoupa,https://a.espncdn.com/i/headshots/wnba/players/full/4038390.png,Olivia,Epoupa
4065759,[21.0],Mikiah Herbert Harrigan,M. Herbert Harrigan,https://a.espncdn.com/i/headshots/wnba/players/full/4065759.png,Mikiah,Herbert Harrigan
4065760,[52.0],Tyasha Harris,T. Harris,https://a.espncdn.com/i/headshots/wnba/players/full/4065760.png,Tyasha,Harris
4065780,"[3.0, 6.0]",Kaila Charles,K. Charles,https://a.espncdn.com/i/headshots/wnba/players/full/4065780.png,Kaila,Charles
4065820,[2.0],Kysre Gondrezick,K. Gondrezick,https://a.espncdn.com/i/headshots/wnba/players/full/4065820.png,Kysre,Gondrezick
4065870,"[0.0, 13.0]",Jackie Young,J. Young,https://a.espncdn.com/i/headshots/wnba/players/full/4065870.png,Jackie,Young
4066527,[18.0],Jaelyn Brown,J. Brown,https://a.espncdn.com/i/headshots/wnba/players/full/4066527.png,Jaelyn,Brown
4066533,"[20.0, 6.0]",Sabrina Ionescu,S. Ionescu,https://a.espncdn.com/i/headshots/wnba/players/full/4066533.png,Sabrina,Ionescu
4066548,"[3.0, 21.0]",DiJonai Carrington,D. Carrington,https://a.espncdn.com/i/headshots/wnba/players/full/4066548.png,DiJonai,Carrington
4066553,"[2.0, 15.0]",Aari McDonald,A. McDonald,https://a.espncdn.com/i/headshots/wnba/players/full/4066553.png,Aari,McDonald
4066585,"[11.0, 14.0]",Crystal Dangerfield,C. Dangerfield,https://a.espncdn.com/i/headshots/wnba/players/full/4066585.png,Crystal,Dangerfield
4068042,[4.0],Natasha Mack,N. Mack,https://a.espncdn.com/i/headshots/wnba/players/full/4068042.png,Natasha,Mack
4068159,[1.0],Sug Sutton,S. Sutton,https://a.espncdn.com/i/headshots/wnba/players/full/4068159.png,Sug,Sutton
4068161,"[8.0, 4.0]",Joyner Holmes,J. Holmes,https://a.espncdn.com/i/headshots/wnba/players/full/4068161.png,Joyner,Holmes
4068346,[1.0],Kamiah Smalls,K. Smalls,,Kamiah,Smalls
4068885,"[8.0, 12.0]",Amy Atwell,A. Atwell,https://a.espncdn.com/i/headshots/wnba/players/full/4068885.png,Amy,Atwell
4257500,"[24.0, 9.0]",Cecilia Zandalasini,C. Zandalasini,https://a.espncdn.com/i/headshots/wnba/players/full/4257500.png,Cecilia,Zandalasini
4280850,[33.0],Maya Caldwell,M. Caldwell,https://a.espncdn.com/i/headshots/wnba/players/full/4280850.png,Maya,Caldwell
4280877,[55.0],Chloe Bibby,C. Bibby,https://a.espncdn.com/i/headshots/wnba/players/full/4280877.png,Chloe,Bibby
4280892,[7.0],Chennedy Carter,C. Carter,https://a.espncdn.com/i/headshots/wnba/players/full/4280892.png,Chennedy,Carter
4281183,[19.0],Lorela Cubaj,L. Cubaj,https://a.espncdn.com/i/headshots/wnba/players/full/4281183.png,Lorela,Cubaj
4281190,[11.0],Dana Evans,D. Evans,https://a.espncdn.com/i/headshots/wnba/players/full/4281190.png,Dana,Evans
4281253,[12.0],DiDi Richards,D. Richards,https://a.espncdn.com/i/headshots/wnba/players/full/4281253.png,DiDi,Richards
4281929,[0.0],Satou Sabally,S. Sabally,https://a.espncdn.com/i/headshots/wnba/players/full/4281929.png,Satou,Sabally
4282168,"[2.0, 23.0, nan]",Kiana Williams,K. Williams,https://a.espncdn.com/i/headshots/wnba/players/full/4282168.png,Kiana,Williams
4282173,[12.0],Michaela Onyenwere,M. Onyenwere,https://a.espncdn.com/i/headshots/wnba/players/full/4282173.png,Michaela,Onyenwere
4329370,[77.0],Maria Kliundikova,M. Kliundikova,,Maria,Kliundikova
4398567,[7.0],Taylor Soule,T. Soule,https://a.espncdn.com/i/headshots/wnba/players/full/4398567.png,Taylor,Soule
4398591,[20.0],Liz Dixon,L. Dixon,,Liz,Dixon
4398674,[10.0],Rhyne Howard,R. Howard,https://a.espncdn.com/i/headshots/wnba/players/full/4398674.png,Rhyne,Howard
4398726,[4.0],Jessika Carter,J. Carter,https://a.espncdn.com/i/headshots/wnba/players/full/4398726.png,Jessika,Carter
4398729,[21.0],Emily Engstler,E. Engstler,https://a.espncdn.com/i/headshots/wnba/players/full/4398729.png,Emily,Engstler
4398751,[24.0],Destanni Henderson,D. Henderson,https://a.espncdn.com/i/headshots/wnba/players/full/4398751.png,Destanni,Henderson
4398752,[5.0],Victaria Saxton,V. Saxton,https://a.espncdn.com/i/headshots/wnba/players/full/4398752.png,Victaria,Saxton
4398764,[12.0],Rae Burrell,R. Burrell,https://a.espncdn.com/i/headshots/wnba/players/full/4398764.png,Rae,Burrell
4398768,[8.0],Nyara Sabally,N. Sabally,https://a.espncdn.com/i/headshots/wnba/players/full/4398768.png,Nyara,Sabally
4398776,"[1.0, 3.0]",NaLyssa Smith,N. Smith,https://a.espncdn.com/i/headshots/wnba/players/full/4398776.png,NaLyssa,Smith
4398779,"[0.0, 4.0, 44.0]",Queen Egbo,Q. Egbo,https://a.espncdn.com/i/headshots/wnba/players/full/4398779.png,Queen,Egbo
4398780,"[0.0, 51.0]",Caitlin Bickle,C. Bickle,https://a.espncdn.com/i/headshots/wnba/players/full/4398780.png,Caitlin,Bickle
4398829,[10.0],Lexie Hull,L. Hull,https://a.espncdn.com/i/headshots/wnba/players/full/4398829.png,Lexie,Hull
4398899,"[9.0, 34.0, nan, nan]",Grace Berger,G. Berger,https://a.espncdn.com/i/headshots/wnba/players/full/4398899.png,Grace,Berger
4398907,[20.0],Kate Martin,K. Martin,https://a.espncdn.com/i/headshots/wnba/players/full/4398907.png,Kate,Martin
4398911,[0.0],Shakira Austin,S. Austin,https://a.espncdn.com/i/headshots/wnba/players/full/4398911.png,Shakira,Austin
4398915,[0.0],Naz Hillmon,N. Hillmon,https://a.espncdn.com/i/headshots/wnba/players/full/4398915.png,Naz,Hillmon
4398935,"[12.0, 22.0]",Veronica Burton,V. Burton,https://a.espncdn.com/i/headshots/wnba/players/full/4398935.png,Veronica,Burton
4398938,[14.0],Dorka Juhasz,D. Juhasz,https://a.espncdn.com/i/headshots/wnba/players/full/4398938.png,Dorka,Juhasz
4398965,"[13.0, 31.0]",Christyn Williams,C. Williams,https://a.espncdn.com/i/headshots/wnba/players/full/4398965.png,Christyn,Williams
4398966,[10.0],Olivia Nelson-Ododa,O. Nelson-Ododa,https://a.espncdn.com/i/headshots/wnba/players/full/4398966.png,Olivia,Nelson-Ododa
4399114,[8.0],Lou Lopez Senechal,L. Lopez Senechal,https://a.espncdn.com/i/headshots/wnba/players/full/4399114.png,Lou,Lopez Senechal
4399342,[1.0],Lexi Held,L. Held,https://a.espncdn.com/i/headshots/wnba/players/full/4399342.png,Lexi,Held
4399415,[20.0],Maddy Siegrist,M. Siegrist,https://a.espncdn.com/i/headshots/wnba/players/full/4399415.png,Maddy,Siegrist
4420318,[13.0],Ezi Magbegor,E. Magbegor,https://a.espncdn.com/i/headshots/wnba/players/full/4420318.png,Ezi,Magbegor
4422426,[28.0],Li Yueru,L. Yueru,https://a.espncdn.com/i/headshots/wnba/players/full/4422426.png,Li,Yueru
4432830,[23.0],Jordan Horston,J. Horston,https://a.espncdn.com/i/headshots/wnba/players/full/4432830.png,Jordan,Horston
4432831,[7.0],Aliyah Boston,A. Boston,https://a.espncdn.com/i/headshots/wnba/players/full/4432831.png,Aliyah,Boston
4432832,"[1.0, 7.0]",Zia Cooke,Z. Cooke,https://a.espncdn.com/i/headshots/wnba/players/full/4432832.png,Zia,Cooke
4432834,"[3.0, 7.0]",Laeticia Amihere,L. Amihere,https://a.espncdn.com/i/headshots/wnba/players/full/4432834.png,Laeticia,Amihere
4432841,"[13.0, nan]",Jakia Brown-Turner,J. Brown-Turner,https://a.espncdn.com/i/headshots/wnba/players/full/4432841.png,Jakia,Brown-Turner
4432864,"[0.0, 74.0, 12.0, 6.0]",Celeste Taylor,C. Taylor,https://a.espncdn.com/i/headshots/wnba/players/full/4432864.png,Celeste,Taylor
4432865,[4.0],Jacy Sheldon,J. Sheldon,https://a.espncdn.com/i/headshots/wnba/players/full/4432865.png,Jacy,Sheldon
4433293,"[24.0, 20.0]",Charisma Osborne,C. Osborne,https://a.espncdn.com/i/headshots/wnba/players/full/4433293.png,Charisma,Osborne
4433309,[33.0],Elizabeth Kitley,E. Kitley,https://a.espncdn.com/i/headshots/wnba/players/full/4433309.png,Elizabeth,Kitley
4433386,"[0.0, nan]",Jaylyn Sherrod,J. Sherrod,https://a.espncdn.com/i/headshots/wnba/players/full/4433386.png,Jaylyn,Sherrod
4433402,[5.0],Angel Reese,A. Reese,https://a.espncdn.com/i/headshots/wnba/players/full/4433402.png,Angel,Reese
4433403,[22.0],Caitlin Clark,C. Clark,https://a.espncdn.com/i/headshots/wnba/players/full/4433403.png,Caitlin,Clark
4433404,[22.0],Cameron Brink,C. Brink,https://a.espncdn.com/i/headshots/wnba/players/full/4433404.png,Cameron,Brink
4433405,[10.0],Kamilla Cardoso,K. Cardoso,https://a.espncdn.com/i/headshots/wnba/players/full/4433405.png,Kamilla,Cardoso
4433408,"[24.0, 8.0, nan]",Aaliyah Edwards,A. Edwards,https://a.espncdn.com/i/headshots/wnba/players/full/4433408.png,Aaliyah,Edwards
4433412,[2.0],Hailey Van Lith,H. Van Lith,https://a.espncdn.com/i/headshots/wnba/players/full/4433412.png,Hailey,Van Lith
4433416,"[24.0, 6.0]",Madison Scott,M. Scott,https://a.espncdn.com/i/headshots/wnba/players/full/4433416.png,Madison,Scott
4433424,[21.0],Maddy Westbeld,M. Westbeld,https://a.espncdn.com/i/headshots/wnba/players/full/4433424.png,Maddy,Westbeld
4433431,[2.0],Te-Hina Paopao,T. Paopao,https://a.espncdn.com/i/headshots/wnba/players/full/4433431.png,Te-Hina,Paopao
4433468,[1.0],Nika Muhl,N. Muhl,https://a.espncdn.com/i/headshots/wnba/players/full/4433468.png,Nika,Muhl
4433510,[16.0],Megan McConnell,M. McConnell,https://a.espncdn.com/i/headshots/wnba/players/full/4433510.png,Megan,McConnell
4433514,[22.0],Saniya Rivers,S. Rivers,https://a.espncdn.com/i/headshots/wnba/players/full/4433514.png,Saniya,Rivers
4433524,[22.0],Sonia Citron,S. Citron,https://a.espncdn.com/i/headshots/wnba/players/full/4433524.png,Sonia,Citron
4433546,[21.0],Makayla Timpson,M. Timpson,https://a.espncdn.com/i/headshots/wnba/players/full/4433546.png,Makayla,Timpson
4433630,[2.0],Rickea Jackson,R. Jackson,https://a.espncdn.com/i/headshots/wnba/players/full/4433630.png,Rickea,Jackson
4433633,[1.0],Kierstan Bell,K. Bell,https://a.espncdn.com/i/headshots/wnba/players/full/4433633.png,Kierstan,Bell
4433635,[1.0],Diamond Miller,D. Miller,https://a.espncdn.com/i/headshots/wnba/players/full/4433635.png,Diamond,Miller
4433643,[54.0],Mackenzie Holmes,M. Holmes,https://a.espncdn.com/i/headshots/wnba/players/full/4433643.png,Mackenzie,Holmes
4433661,"[8.0, 1.0, nan]",Marquesha Davis,M. Davis,https://a.espncdn.com/i/headshots/wnba/players/full/4433661.png,Marquesha,Davis
4433730,[5.0],Paige Bueckers,P. Bueckers,https://a.espncdn.com/i/headshots/wnba/players/full/4433730.png,Paige,Bueckers
4433792,[13.0],Rayah Marshall,R. Marshall,https://a.espncdn.com/i/headshots/wnba/players/full/4433792.png,Rayah,Marshall
4433795,[1.0],Sania Feagin,S. Feagin,https://a.espncdn.com/i/headshots/wnba/players/full/4433795.png,Sania,Feagin
4433807,[10.0],Aziaha James,A. James,https://a.espncdn.com/i/headshots/wnba/players/full/4433807.png,Aziaha,James
4433815,[33.0],Lucy Olsen,L. Olsen,https://a.espncdn.com/i/headshots/wnba/players/full/4433815.png,Lucy,Olsen
4434015,[11.0],JJ Quinerly,J. Quinerly,https://a.espncdn.com/i/headshots/wnba/players/full/4434015.png,JJ,Quinerly
4594527,[12.0],Dulcy Fankam Mendjiadeu,D. Fankam Mendjiadeu,https://a.espncdn.com/i/headshots/wnba/players/full/4594527.png,Dulcy,Fankam Mendjiadeu
4595150,[20.0],Camryn Taylor,C. Taylor,https://a.espncdn.com/i/headshots/wnba/players/full/4595150.png,Camryn,Taylor
4595236,[2.0],Dyaisha Fair,D. Fair,https://a.espncdn.com/i/headshots/wnba/players/full/4595236.png,Dyaisha,Fair
4595910,"[13.0, 30.0]",Haley Jones,H. Jones,https://a.espncdn.com/i/headshots/wnba/players/full/4595910.png,Haley,Jones
4596309,[4.0],Liatu King,L. King,https://a.espncdn.com/i/headshots/wnba/players/full/4596309.png,Liatu,King
4597509,[13.0],Aaliyah Nye,A. Nye,https://a.espncdn.com/i/headshots/wnba/players/full/4597509.png,Aaliyah,Nye
4682797,[18.0],Luisa Geiselsoder,L. Geiselsoder,https://a.espncdn.com/i/headshots/wnba/players/full/4682797.png,Luisa,Geiselsoder
4683006,[13.0],Leonie Fiebich,L. Fiebich,https://a.espncdn.com/i/headshots/wnba/players/full/4683006.png,Leonie,Fiebich
4684384,[24.0],Aneesah Morrow,A. Morrow,https://a.espncdn.com/i/headshots/wnba/players/full/4684384.png,Aneesah,Morrow
4703794,[13.0],Sarah Ashlee Barker,S. Barker,https://a.espncdn.com/i/headshots/wnba/players/full/4703794.png,Sarah,Barker
4704180,[8.0],Georgia Amoore,G. Amoore,https://a.espncdn.com/i/headshots/wnba/players/full/4704180.png,Georgia,Amoore
4704417,"[3.0, nan]",Ajae Petty,A. Petty,,Ajae,Petty
4790263,[12.0],Iliana Rupert,I. Rupert,,Iliana,Rupert
4790264,[13.0],Janelle Salaun,J. Salaun,https://a.espncdn.com/i/headshots/wnba/players/full/4790264.png,Janelle,Salaun
4873359,[31.0],Kyara Linskens,K. Linskens,https://a.espncdn.com/i/headshots/wnba/players/full/4873359.png,Kyara,Linskens
4898383,"[3.0, 21.0]",Bree Hall,B. Hall,https://a.espncdn.com/i/headshots/wnba/players/full/4898383.png,Bree,Hall
4898384,[44.0],Kiki Iriafen,K. Iriafen,https://a.espncdn.com/i/headshots/wnba/players/full/4898384.png,Kiki,Iriafen
4898400,[5.0],Taylor Thierry,T. Thierry,https://a.espncdn.com/i/headshots/wnba/players/full/4898400.png,Taylor,Thierry
4898994,[4.0],Serena Sundell,S. Sundell,https://a.espncdn.com/i/headshots/wnba/players/full/4898994.png,Serena,Sundell
4899328,[2.0],Kaitlyn Chen,K. Chen,https://a.espncdn.com/i/headshots/wnba/players/full/4899328.png,Kaitlyn,Chen
5017721,"[nan, 3.0, 23.0]",Sika Kone,S. Kone,https://a.espncdn.com/i/headshots/wnba/players/full/5017721.png,Sika,Kone
5017726,[5.0],Jade Melbourne,J. Melbourne,https://a.espncdn.com/i/headshots/wnba/players/full/5017726.png,Jade,Melbourne
5105752,"[24.0, nan, 35.0, nan]",Alissa Pili,A. Pili,https://a.espncdn.com/i/headshots/wnba/players/full/5105752.png,Alissa,Pili
5106150,[10.0],Stephanie Soares,S. Soares,https://a.espncdn.com/i/headshots/wnba/players/full/5106150.png,Stephanie,Soares
5130672,[18.0],Ivana Dojkic,I. Dojkic,https://a.espncdn.com/i/headshots/wnba/players/full/5130672.png,Ivana,Dojkic
5208981,[47.0],Leila Lacan,L. Lacan,https://a.espncdn.com/i/headshots/wnba/players/full/5208981.png,Leila,Lacan
5208982,[0.0],Carla Leite,C. Leite,https://a.espncdn.com/i/headshots/wnba/players/full/5208982.png,Carla,Leite
5209660,"[0.0, 1.0, 10.0, nan]",Sevgi Uzun,S. Uzun,https://a.espncdn.com/i/headshots/wnba/players/full/5209660.png,Sevgi,Uzun
5220147,[22.0],Marieme Badiane,M. Badiane,https://a.espncdn.com/i/headshots/wnba/players/full/5220147.png,Marieme,Badiane
5220150,[14.0],Dominique Malonga,D. Malonga,https://a.espncdn.com/i/headshots/wnba/players/full/5220150.png,Dominique,Malonga
5220167,[20.0],Murjanatu Musa,M. Musa,https://a.espncdn.com/i/headshots/wnba/players/full/5220167.png,Murjanatu,Musa
5274110,[8.0],Monique Akoa Makani,M. Akoa Makani,https://a.espncdn.com/i/headshots/wnba/players/full/5274110.png,Monique,Akoa Makani
5278237,[7.0],Anastasiia Olairi Kosu,A. Kosu,https://a.espncdn.com/i/headshots/wnba/players/full/5278237.png,Anastasiia,Kosu
5278238,[0.0],Annika Soltau,A. Soltau,,Annika,Soltau
5278686,[23.0],Kariata Diaby,K. Diaby,https://a.espncdn.com/i/headshots/wnba/players/full/5278686.png,Kariata,Diaby
5279789,[28.0],Mamignan Toure,M. Toure,https://a.espncdn.com/i/headshots/wnba/players/full/5279789.png,Mamignan,Toure
